soc,energy_wh,jerk,dist_m
1.0,0.0,0.0,2.9977078031392503
1.0,-0.11041557074896238,23.981663,5.310141478081871
1.0000324,-0.19559021110934893,-29.463856,6.9410829724953045
1.0000576,-0.25566322282024373,0.03025558,7.893325306482725
1.0000752,-0.18621877837579928,0.02234416,9.120378423818092
1.0000547,-0.11677433393135483,7.6280794,10.548454892535199
1.0000343,-0.16937515052910157,-0.5902994,11.298477163074462
1.0000498,-0.09993070608465712,-7.0326204,12.411749141045822
1.0000294,-0.030486261640212675,8.330431,13.752232335786612
1.000009,-0.07986072597983176,-1.088308,14.41491337250194
1.0000235,0.26041704020815404,-7.240107,17.32643701601173
0.9999234,0.1531759193388768,23.413158,19.5532158333293
0.99995494,0.07115623290101296,-23.4687,21.098906559647972
0.9999791,0.014223291148275238,0.029253881,21.966179581419485
0.9999958,0.08366773559271969,0.02136309,23.140430642422398
0.9999754,0.15311218003716415,7.8831663,24.527236887704845
0.99995494,0.10203148333592732,-0.75538284,25.236109672318406
0.99997,0.4423092495239131,-7.123909,28.0438708116832
0.9998699,0.33889004755730995,22.214575,30.167503900553704
0.99990034,0.26066956211724635,-22.26413,31.610515264245098
0.99992335,0.2075186435546133,0.028050601,32.37542786477633
0.99993896,0.2769630879990578,0.020183695,33.49549254160493
0.9999185,0.3464075324435022,8.266006,34.841058024734124
0.99989814,0.296845870481577,-1.0372101,35.508807161932886
0.9999127,0.6371236366695627,-7.2265377,38.40793352252555
0.9998126,0.5303391490543995,23.273548,40.62238992494063
0.999844,0.44877333823211085,-23.328379,42.155815114405655
0.99986804,0.3922921770868157,0.02910996,43.010861850952715
0.9998846,0.46173662153126016,0.021222081,44.178037471474866
0.9998642,0.5311810659757046,7.9240584,45.55939146159695
0.9998438,0.4803011940062077,-0.7836041,46.26282767706006
0.99985874,0.8205789601941935,-7.1367693,49.08177936099671
0.99975866,0.7167475731691934,22.347467,51.21653755326859
0.9997892,0.6381173130871792,-22.39767,52.67062478300722
0.9998123,0.584558433458473,0.028180234,53.446579900336786
0.9998281,0.6540028779029174,0.020310802,54.57188178908684
0.99980766,0.7234473223473619,8.219831,55.92137964968629
0.9997872,0.6737408178152822,-1.0012064,56.59305014974178
0.9998018,1.014018584003268,-7.2161865,59.482765060940984
0.99970174,0.9075807514407639,23.166973,61.687866637010124
0.9997331,0.8263595100555506,-23.221262,63.21197996956516
0.99975693,0.7702213356397736,0.029000733,64.05774443977135
0.99977344,0.839665780084218,0.02111505,65.21964716381459
0.99975306,0.9091102245286624,7.955897,66.59695057085136
0.9997326,0.8583795490361409,-0.8059006,67.29634781665631
0.9997475,1.1986573152241267,-7.146455,70.12378048572988
0.99964744,1.0945135452465835,22.447533,72.26696989380495
0.9996781,1.0155727353824848,-22.498228,73.72945085320416
0.9997013,0.9617046867112811,0.0282785,74.5137742569669
0.9997171,1.0311491311557255,0.020407144,75.64315340958325
0.99969673,1.10059357560017,8.185706,76.99572095701544
0.9996763,1.0507740042697509,-0.97493887,77.67045252335286
0.99969095,1.3910517704577368,-7.2081947,80.55292837407913
0.9995909,1.2848805766226523,23.084642,82.75083431748914
0.9996221,1.2039243743737171,-23.138514,84.26778494524443
0.9996459,1.1480500262513975,0.028916731,85.10640934915331
0.99966234,1.217494470695842,0.021032736,86.26431610238953
0.9996419,1.2869389151402864,7.980869,87.63855714611822
0.9996215,1.2363210366962798,-0.8235845,88.3349007860785
0.99963635,1.5765988028842655,-7.153854,91.16884172683287
0.9995363,1.4722153115664796,22.523958,93.31850111242613
0.999567,1.393036190863794,-22.575031,94.78742318288869
0.9995903,1.3389308946017566,0.02835392,95.57816807399168
0.9996062,1.408375339046201,0.020481087,96.7107372483123
0.99958575,1.4778197834906455,8.160011,98.06571148278867
0.99956536,1.4279115658540988,-0.95535374,98.7428429638128
0.99958,1.7681893320420845,-7.2019825,101.61970838618444
0.99947995,1.6622247889847293,23.020613,103.81203748380926
0.9995111,1.5814740005555485,-23.074162,105.32343671189486
0.99953485,1.525804128987729,0.028851643,106.1565271885769
0.99955124,1.5952485734321735,0.020968944,107.31137370600787
0.9995308,1.664693017876618,8.000518,108.68327380000103
0.9995104,1.6141613644145365,-0.83761966,109.3772831715113
0.99952525,1.9544391306025224,-7.1595545,112.2162559378873
0.9994252,1.8498703003743397,22.582834,114.37091748188257
0.9994559,1.770506933503847,-22.634197,115.84481933347352
0.99947923,1.7162182153035803,0.02841224,116.64052877501346
0.9994952,1.7856626597480247,0.02053826,117.77559977788347
0.9994748,1.8551071041924692,8.140431,119.13246453378774
0.9994544,1.8051292523499953,-0.94054246,119.81148120791617
0.9994691,2.145407018537981,-7.1971345,122.68397918248425
0.999369,2.03960334314139,22.970636,124.87196692942477
0.99940014,1.9590124611290811,-23.023932,126.37904457085503
0.9994238,1.9035017680030668,0.028800976,127.20782701827409
0.99944013,1.9729462124475112,0.020919291,128.36031395095512
0.99941975,2.0423906568919556,8.015997,129.73041163153465
0.9993993,1.9919253923239433,-0.8487499,130.42262372612305
0.99941415,2.332203158511929,-7.1639705,133.26550458961106
0.99931407,2.2274903800401207,22.628433,135.42405115259578
0.9993449,2.147983914970183,-22.680025,136.90182060756797
0.99936825,2.093552740045374,0.02845754,137.70138578783695
0.9993842,2.162997184489819,0.020582667,138.83842084026233
0.99936384,2.2324416289342635,8.125393,140.19677159934056
0.9993434,2.1824090426415483,-0.9292334,140.87727008321554
0.9993581,2.522686808829534,-7.1933436,143.74635943452557
0.99925804,2.4170086843896144,22.931545,145.93095889844764
0.9992891,2.336542604135151,-22.984646,147.43466365482158
0.99931276,2.2811561456087115,0.028761439,148.26008377140076
0.9993291,2.350600590053156,0.020880543,149.41074314609187
0.99930865,2.4200450344976008,8.028192,150.77944635840032
0.9992882,2.3696311328442397,-0.8575634,151.47026795402002
0.99930304,2.7099088990322255,-7.1674037,154.3161927491911
0.99920297,2.6050840024100905,22.66388,156.4777652468187
0.9992338,2.5254660820808064,-22.715645,157.95854705016052
0.9992572,2.4709239523243833,0.028492827,158.76111531627438
0.99927324,2.4413626878558556,0.020617256,158.88707951944141
0.99928194,2.458857716073499,0.012875794,159.58426455063778
0.9992768,2.4331780674244325,9.982599,159.60500978063467
0.9992844,2.4472963484692225,-9.981285,162.62346236648864
0.9992802,2.336116678223602,29.393177,164.95651111416868
0.9993129,2.250182716017387,-29.46489,166.6079681497667
0.9993382,2.1893540485395264,0.03049701,167.58065603761696
0.9993561,2.1535267113370415,0.022580514,167.87642598477652
0.9993666,2.1426325182833312,0.014809657,167.87642598477652
0.9993698,2.1426325182833312,0.0071391603,170.87413378791578
0.9993698,2.0322169475343688,29.389868,173.1865674628584
0.9994023,1.9470423071739822,-29.463856,174.81750895727183
0.9994273,1.8869692954630874,0.03025558,175.76975129125924
0.999445,1.9564137399075319,0.02234416,176.9968044085946
0.9994246,2.0258581843519763,7.6280794,178.42488087731172
0.99940413,1.9732573677542296,-0.5902994,179.17490314785098
0.9994196,2.042701812198674,-7.0326204,180.28817512582233
0.9993992,2.112146256643119,8.330431,181.62865832056312
0.9993788,2.0627717923035,-1.088308,182.29133935727845
0.9993933,2.4030495584914857,-7.240107,185.20286300078823
0.9992932,2.2958084376222083,23.413158,187.4296418181058
0.99932474,2.2137887511843446,-23.4687,188.97533254442448
0.9993489,2.156855809431607,0.029253881,189.842605566196
0.9993656,2.2263002538760515,0.02136309,191.0168566271989
0.9993452,2.295744698320496,7.8831663,192.40366287248136
0.9993248,2.244664001619259,-0.75538284,193.11253565709492
0.9993398,2.584941767807245,-7.123909,195.92029679645972
0.99923974,2.481522565840642,22.214575,198.04392988533021
0.99927014,2.4033020804005782,-22.26413,199.4869412490216
0.99929315,2.350151161837945,0.028050601,200.25185384955284
0.99930876,2.41959560628239,0.020183695,201.37191852638145
0.9992884,2.4890400507268344,8.266006,202.71748400951063
0.99926794,2.4394783887649094,-1.0372101,203.3852331467094
0.9992825,2.7797561549528953,-7.2265377,206.28435950730207
0.9991824,2.672971667337732,23.273548,208.49881590971714
0.9992138,2.5914058565154434,-23.328379,210.03224109918216
0.99923784,2.5349246953701483,0.02910996,210.8872878357292
0.9992544,2.604369139814593,0.021222081,212.05446345625137
0.999234,2.6738135842590376,7.9240584,213.43581744637345
0.9992136,2.622933712289541,-0.7836041,214.13925366183656
0.99922854,2.9632114784775268,-7.1367693,216.95820534577322
0.99912846,2.8593800914525267,22.347467,219.0929635380451
0.999159,2.7807498313705126,-22.39767,220.54705076778373
0.9991821,2.7271909517418065,0.028180234,221.3230058851133
0.9991979,2.796635396186251,0.020310802,222.44830777386335
0.99917746,2.8660798406306958,8.219831,223.7978056344628
0.999157,2.816373336098616,-1.0012064,224.4694761345183
0.9991717,3.156651102286602,-7.2161865,227.3591910457175
0.9990716,3.050213269724098,23.166973,229.56429262178662
0.9991029,2.9689920283388846,-23.221262,231.08840595434165
0.9991268,2.9128538539231075,0.029000733,231.93417042454786
0.9991433,2.982298298367552,0.02111505,233.0960731485911
0.99912286,3.0517427428119968,7.955897,234.47337655562788
0.9991024,3.001012067319475,-0.8059006,235.17277380143284
0.9991174,3.341289833507461,-7.146455,238.0002064705064
0.99901724,3.237146063529918,22.447533,240.1433958785815
0.9990479,3.158205253665819,-22.498228,241.60587683798067
0.9990711,3.104337204994615,0.0282785,242.3902002417434
0.999087,3.0754479596226876,0.020407144,242.49794967330558
0.99909544,3.0904131584507666,0.012668668,243.17692435728165
0.999091,3.065404257590982,9.982394,243.17948528552554
0.9990984,3.0671471114753777,-9.981112,246.17975401009252
0.9990979,2.9566372134538272,29.392971,248.49473264230173
0.9991304,2.8713688338341217,-29.463982,250.12820685447886
0.99915546,2.811202533685597,0.030285379,251.08297331337778
0.99917316,2.7760353024494866,0.022373334,251.3608577321955
0.99918354,2.765799893023033,0.014605707,251.3608577321955
0.9991865,2.765799893023033,0.006937263,254.35856553533478
0.9991865,2.6553843222740707,29.389782,256.6709992102774
0.999219,2.5702096819136844,-29.463856,258.3019407046908
0.99924403,2.5101366702027894,0.03025558,259.25418303867826
0.99926174,2.579581114647234,0.02234416,260.4812361560136
0.9992413,2.6490255590916787,7.6280794,261.9093126247307
0.99922085,2.596424742493932,-0.5902994,262.65933489527
0.99923635,2.6658691869383766,-7.0326204,263.77260687324133
0.9992159,2.7353136313828212,8.330431,265.1130900679821
0.9991955,2.6859391670432022,-1.088308,265.77577110469747
0.99921,3.026216933231188,-7.240107,268.68729474820725
0.9991099,2.9189758123619107,23.413158,270.9140735655248
0.99914145,2.836956125924047,-23.4687,272.4597642918435
0.9991656,2.7800231841713092,0.029253881,273.327037313615
0.99918234,2.849467628615754,0.02136309,274.5012883746179
0.9991619,2.9189120730601985,7.8831663,275.88809461990036
0.9991415,2.8678313763589616,-0.75538284,276.5969674045139
0.99915653,3.2081091425469475,-7.123909,279.4047285438787
0.99905646,3.1046899405803443,22.214575,281.52836163274924
0.99908686,3.0264694551402807,-22.26413,282.9713729964406
0.99910986,2.9733185365776476,0.028050601,283.7362855969718
0.9991255,3.042762981022092,0.020183695,284.85635027380044
0.9991051,3.112207425466537,8.266006,286.2019157569296
0.99908465,3.062645763504612,-1.0372101,286.8696648941284
0.9990992,3.4029235296925977,-7.2265377,289.76879125472107
0.9989991,3.2961390420774346,23.273548,291.98324765713613
0.99903053,3.214573231255146,-23.328379,293.5166728466012
0.99905455,3.1580920701098507,0.02910996,294.37171958314826
0.9990711,3.2275365145542954,0.021222081,295.5388952036704
0.99905074,3.29698095899874,7.9240584,296.9202491937925
0.9990303,3.2461010870292433,-0.7836041,297.6236854092556
0.99904525,3.586378853217229,-7.1367693,300.4426370931922
0.9989452,3.482547466192229,22.347467,302.5773952854641
0.9989757,3.403917206110215,-22.39767,304.0314825152027
0.9989988,3.350358326481509,0.028180234,304.80743763253224
0.9990146,3.4198027709259535,0.020310802,305.9327395212823
0.9989942,3.489247215370398,8.219831,307.28223738188177
0.9989737,3.4395407108383185,-1.0012064,307.95390788193725
0.9989884,3.7798184770263044,-7.2161865,310.8436227931365
0.9988883,3.6733806444638004,23.166973,313.0487243692056
0.9989196,3.592159403078587,-23.221262,314.57283770176065
0.9989435,3.53602122866281,0.029000733,315.4186021719668
0.99896,3.6054656731072545,0.02111505,316.58050489601004
0.9989396,3.674910117551699,7.955897,317.9578083030468
0.9989191,3.6241794420591775,-0.8059006,318.6572055488518
0.9989341,3.9644572082471634,-7.146455,321.48463821792535
0.99883395,3.8603134382696203,22.447533,323.62782762600045
0.9988646,3.7813726284055216,-22.498228,325.09030858539967
0.99888784,3.7275045797343176,0.0282785,325.8746319891624
0.9989037,3.69861533436239,0.020407144,325.9823814207246
0.99891216,3.713580533190469,0.012668668,326.66135610470064
0.99890774,3.6885716323306843,9.982394,326.66391703294454
0.99891514,3.69031448621508,-9.981112,329.6641857575115
0.9989146,3.5798045881935296,29.392971,331.9791643897207
0.99894714,3.494536208573824,-29.463982,333.61263860189786
0.9989722,3.434369908425299,0.030285379,334.5674050607968
0.9989899,3.399202677189189,0.022373334,334.8452894796145
0.99900025,3.3889672677627356,0.014605707,334.8452894796145
0.99900323,3.3889672677627356,0.006937263,337.84299728275374
0.99900323,3.278551697013773,29.389782,340.15543095769635
0.9990357,3.193377056653387,-29.463856,341.7863724521098
0.99906075,3.133304044942492,0.03025558,342.73861478609723
0.99907845,3.098229785640622,0.02234416,343.01398008275146
0.99908876,3.0880871638805245,0.0145769855,343.01398008275146
0.99909174,3.0880871638805245,0.0069088293,346.0116878858907
0.99909174,2.977671593131562,29.38977,348.3241215608333
0.9991242,2.8924969527711757,-29.463856,349.95506305524674
0.99914926,2.8324239410602807,0.03025558,350.9073053892342
0.9991669,2.9018683855047254,0.02234416,352.1343585065695
0.9991465,2.97131282994917,7.6280794,353.56243497528664
0.9991261,2.9187120133514233,-0.5902994,354.3124572458259
0.9991416,2.988156457795868,-7.0326204,355.42572922379725
0.9991211,3.0576009022403126,8.330431,356.76621241853803
0.9991007,3.0082264379006936,-1.088308,357.4288934552534
0.9991152,3.3485042040886794,-7.240107,360.34041709876317
0.99901515,3.241263083219402,23.413158,362.5671959160807
0.9990467,3.1592433967815383,-23.4687,364.1128866423994
0.9990708,3.1023104550288005,0.029253881,364.9801596641709
0.9990876,3.171754899473245,0.02136309,366.1544107251738
0.9990671,3.24119934391769,7.8831663,367.5412169704563
0.9990467,3.190118647216453,-0.75538284,368.25008975506984
0.9990617,3.5303964134044388,-7.123909,371.05785089443464
0.9989616,3.4269772114378356,22.214575,373.18148398330516
0.9989921,3.348756725997772,-22.26413,374.6244953469965
0.9990151,3.295605807435139,0.028050601,375.38940794752773
0.9990307,3.3650502518795835,0.020183695,376.50947262435636
0.99901026,3.434494696324028,8.266006,377.85503810748554
0.9989899,3.384933034362103,-1.0372101,378.5227872446843
0.9990044,3.725210800550089,-7.2265377,381.421913605277
0.99890435,3.618426312934926,23.273548,383.63637000769205
0.99893576,3.536860502112637,-23.328379,385.1697951971571
0.9989597,3.480379340967342,0.02910996,386.0248419337042
0.99897635,3.5498237854117867,0.021222081,387.1920175542263
0.9989559,3.6192682298562313,7.9240584,388.5733715443484
0.9989355,3.5683883578867346,-0.7836041,389.2768077598115
0.9989505,3.9086661240747205,-7.1367693,392.09575944374814
0.9988504,3.8048347370497204,22.347467,394.23051763602
0.9988809,3.7262044769677063,-22.39767,395.6846048657586
0.99890405,3.672645597339,0.028180234,396.46055998308816
0.9989198,3.742090041783445,0.020310802,397.58586187183823
0.9988994,3.8115344862278895,8.219831,398.9353597324377
0.99887896,3.76182798169581,-1.0012064,399.6070302324932
0.99889356,4.102105747883796,-7.2161865,402.4967451436924
0.9987935,3.9956679153212917,23.166973,404.70184671976153
0.9988248,3.9144466739360784,-23.221262,406.22596005231657
0.9988487,3.858308499520301,0.029000733,407.07172452252274
0.9988652,3.927752943964746,0.02111505,408.23362724656596
0.9988448,3.9971973884091905,7.955897,409.61093065360274
0.99882436,3.946466712916669,-0.8059006,410.3103278994077
0.99883926,4.286744479104654,-7.146455,413.13776056848127
0.9987392,4.182600709127111,22.447533,415.28094997655637
0.9987698,4.103659899263012,-22.498228,416.7434309359556
0.99879307,4.0497918505918085,0.0282785,417.52775433971834
0.99880886,4.119236295036253,0.020407144,418.6571334923347
0.9987885,4.188680739480698,8.185706,420.0097010397669
0.99876803,4.138861168150279,-0.97493887,420.68443260610434
0.9987827,4.479138934338264,-7.2081947,423.5669084568306
0.9986826,4.37296774050318,23.084642,425.7648144002406
0.99871385,4.292011538254244,-23.138514,427.2817650279959
0.99873763,4.236137190131925,0.028916731,428.12038943190475
0.9987541,4.305581634576369,0.021032736,429.27829618514096
0.99873364,4.375026079020814,7.980869,430.6525372288696
0.99871325,4.324408200576808,-0.8235845,431.3488808688299
0.9987281,4.664685966764793,-7.153854,434.18282180958425
0.998628,4.560302475447007,22.523958,436.33248119517754
0.9986587,4.481123354744322,-22.575031,437.8014032656401
0.998682,4.427018058482284,0.02835392,438.59214815674306
0.99869794,4.496462502926729,0.020481087,439.7247173310637
0.9986775,4.5659069473711735,8.160011,441.0796915655401
0.9986571,4.515998729734627,-0.95535374,441.7568230465642
0.99867177,4.856276495922613,-7.2019825,444.6336884689358
0.9985717,4.750311952865257,23.020613,446.8260175665606
0.99860287,4.669561164436076,-23.074162,448.33741679464623
0.9986266,4.6138912928682565,0.028851643,449.1705072713283
0.998643,4.683335737312701,0.020968944,450.32535378875923
0.99862254,4.752780181757146,8.000518,451.69725388275236
0.99860215,4.702248528295065,-0.83761966,452.39126325426264
0.998617,5.04252629448305,-7.1595545,455.23023602063864
0.9985169,4.937957464254867,22.582834,457.38489756463395
0.9985477,4.858594097384374,-22.634197,458.8587994162249
0.998571,4.8043053791841075,0.02841224,459.6545088577648
0.99858695,4.873749823628552,0.02053826,460.78957986063483
0.99856657,4.943194268072997,8.140431,462.1464446165391
0.9985461,4.893216416230523,-0.94054246,462.82546129066753
0.99856085,5.233494182418508,-7.1971345,465.6979592652356
0.9984607,5.127690507021917,22.970636,467.88594701217613
0.9984919,5.047099625009608,-23.023932,469.3930246536064
0.99851555,4.9915889318835935,0.028800976,470.22180710102543
0.9985319,5.061033376328038,0.020919291,471.37429403370646
0.99851143,5.130477820772483,8.015997,472.744391714286
0.99849105,5.08001255620447,-0.8487499,473.4366038088744
0.9985059,5.4202903223924555,-7.1639705,476.2794846723624
0.9984058,5.3155775439206465,22.628433,478.4380312353471
0.99843657,5.236071078850709,-22.680025,479.9158006903193
0.99846,5.1816399039259,0.02845754,480.7153658705883
0.99847597,5.251084348370345,0.020582667,481.85240092301365
0.9984556,5.320528792814789,8.125393,483.2107516820919
0.99843514,5.270496206522075,-0.9292334,483.8912501659669
0.99844986,5.61077397271006,-7.1933436,486.7603395172769
0.9983498,5.50509584827014,22.931545,488.944938981199
0.99838084,5.424629768015677,-22.984646,490.4486437375729
0.9984045,5.369243309489238,0.028761439,491.2740638541521
0.99842083,5.438687753933682,0.020880543,492.4247232288432
0.9984004,5.508132198378127,8.028192,493.79342644115167
0.99837995,5.4577182967247655,-0.8575634,494.48424803677136
0.9983948,5.797996062912751,-7.1674037,497.33017283194243
0.9982947,5.693171166290616,22.66388,499.49174532957005
0.9983255,5.613553245961332,-22.715645,500.97252713291186
0.99834895,5.559011116204909,0.028492827,501.74416991820584
0.998365,5.628455560649353,-0.22678658,502.8364814032293
0.9983446,5.697900005093798,8.2384615,504.1304887621681
0.99832416,5.650237400706218,-0.9517826,504.71589573552876
0.99833816,5.990515166894204,-7.2823706,507.8229522590178
0.9982381,5.876071918279023,25.842,510.21311538403495
0.99827176,5.788034243174224,-25.908344,511.89048094846174
0.99829763,5.7262512782178385,0.032766704,512.8580622491415
0.9983158,5.795695722662283,0.024106374,514.0643192982645
0.99829537,5.865140167106728,7.5876803,515.445097585289
0.998275,5.814281500201326,-0.51323605,516.1170342695121
0.99828994,6.154559266389311,-7.0669026,518.9751904825514
0.9981898,6.049283845875699,23.160488,521.1179964056128
0.9982208,5.970357161042939,-23.212559,522.5491701074037
0.998244,5.917642263026971,0.02974455,523.271354926313
0.99825954,6.257920029214956,0.021146707,526.0218455017196
0.9981594,6.156610293020815,21.898357,528.0576133833325
0.9981892,6.08162617604807,-21.944227,529.3822138920515
0.99821126,6.0328367239769225,0.02844257,529.9981307545515
0.9982256,6.373114490164908,0.019869814,533.0066746889439
0.99812555,6.262299788581457,24.810486,535.2989513713176
0.99815816,6.177867597447361,-24.871155,536.8789068580911
0.99818295,6.119672570351204,0.031568453,537.7494078499016
0.9982001,6.189117014795649,0.022933604,538.8946254685303
0.9981797,6.258561459240093,7.8733687,540.2282590783165
0.9981592,6.209439287946304,-0.6904051,540.8531840858718
0.9981737,6.549717054134289,-7.176996,543.8350497220029
0.99807364,6.439885003203462,24.525194,546.1008142023269
0.99810594,6.356429344844859,-24.584333,547.6543830811197
0.99813044,6.299206224475988,0.031244434,548.4985833982967
0.9981473,6.3686506689204325,0.02261632,549.6286807339773
0.99812686,6.438095113364877,7.9621243,550.9508642480115
0.9981064,6.389394687264618,-0.75048673,551.5643707645659
0.9981208,6.729672453452603,-7.2061057,554.5802307532867
0.9980207,6.618588277201385,24.888245,556.8797776825415
0.9980534,6.533888298640502,-24.949331,558.4669687201934
0.9980783,6.47542676208699,0.031657342,559.3446814460036
0.99809545,6.544871206531434,0.023020638,560.4941614086392
0.998075,6.614315650975879,7.8499646,561.8310399419995
0.9980546,6.565073958330443,-0.67494935,562.4592008668765
0.9980691,6.905351724518429,-7.1689296,565.4317328416051
0.99796903,6.795863463449257,24.42471,567.688221421561
0.9980012,6.712749467420883,-24.483316,569.2325579969273
0.99802566,6.655866403561559,0.031131122,570.0675557357771
0.9980424,6.7253108480060035,0.022505345,571.1925277980819
0.99802196,6.794755292450448,7.994505,572.5108521731835
0.9980015,6.74619701130087,-0.77297604,573.1205101414639
0.9980158,7.0864747774888555,-7.2161493,576.1482108775585
0.99791574,6.974954467042705,25.013674,578.4595241808801
0.9979485,6.889821093703697,-25.075443,580.0584252068053
0.99797356,6.830928239248784,0.031801242,580.947809145169
0.9979909,6.900372683693228,0.02316152,582.1042877956061
0.99797046,6.969817128137673,7.812895,583.4465104543901
0.9979501,6.920378593539127,-0.6508056,584.0800006244198
0.9979646,7.260656359727112,-7.155812,587.0374407019417
0.9978645,7.1517239835383855,24.26146,589.2789303972454
0.99789655,7.069162446428031,-24.319202,590.8083382046495
0.9979208,7.012829258855314,0.030947953,591.6284548665782
0.9979374,7.082273703299759,0.02232594,592.7453315614911
0.997917,7.151718147744203,8.048409,594.0575837648975
0.99789655,7.103383524918737,-0.81107616,594.6611861627055
0.9979108,7.443661291106722,-7.2322025,597.7079228228349
0.99781066,7.331439824125288,25.214272,600.038151872153
0.9978437,7.24560972080874,-25.277136,601.6558773944939
0.99786896,7.186023497402515,0.03203267,602.5640228976266
0.9978865,7.25546794184696,0.023388062,603.7320019493576
0.99786603,7.3249123862914045,7.7553086,605.0830485997121
0.9978456,7.275148834670011,-0.6141276,605.7253380617103
0.99786025,7.6154266008579965,-7.1345987,608.6586007286317
0.9977602,7.507384759293061,23.997843,610.8760610338737
0.99779195,7.425708304716647,-24.054205,612.3815508089634
0.99781597,7.370256098000844,0.030654652,613.1778248808178
0.9978323,7.439700542445289,0.022038614,614.282256877066
0.99781185,7.5091449868897335,8.138989,615.5852316009481
0.9977914,7.461152084560076,-0.87692153,616.1795817357123
0.99780554,7.801429850748061,-7.2573385,619.2563901957916
0.99770546,7.688100739135141,25.528662,621.6164996602638
0.9977388,7.601170040527083,-25.59326,623.2639599392357
0.99776435,7.540488586918284,0.03239848,624.2017392929102
0.99778223,7.609933031362728,0.02374608,625.3884707291777
0.9977618,7.679377475807173,7.6690636,626.7540151577106
0.99774134,7.629079922689547,-0.5611127,627.4107614651479
0.9977561,7.969357688877532,-7.100889,630.3062192426806
0.99765605,7.862708327405073,23.580076,632.4861036747768
0.99768746,7.782415917489533,-23.63428,633.9541893061323
0.99771106,7.728341430067936,0.030196358,634.7131748305064
0.997727,7.797785874512381,0.02158955,635.7995723020944
0.99770653,7.867230318956826,8.292096,637.0892293809344
0.9976861,7.819727949886216,-0.9932187,637.670297755691
0.9977001,8.160005716074203,-7.2947865,640.792462935769
0.9976,8.045005965274662,25.997484,643.1976369025405
0.9976338,7.956415390831913,-26.064703,644.8899384970643
0.99765986,7.8940822821002845,0.03295073,645.8724035199427
0.9976782,7.963526726544729,0.024286404,647.0886434708125
0.9976578,8.032971170989173,7.548892,648.4772627338148
0.9976374,7.981823694801922,-0.49116492,649.157017825629
0.9976524,8.322101460989908,-7.0499477,651.9968890656097
0.99755234,8.217499536983953,22.951843,654.1215182995275
0.9975831,8.139242360201315,-23.002865,655.5345959292055
0.9976061,8.087194000841507,0.029523214,656.2387381690537
0.9976214,8.427471767029493,0.020929715,659.025296607123
0.99752134,8.324833531227275,22.330814,661.096924791303
0.9975515,8.248528559776647,-22.37877,662.457232520063
0.997574,8.198423891767316,0.028878387,663.1087569633257
0.9975887,8.538701657955302,0.020297358,666.0176025795903
0.9974886,8.431559177756222,23.728836,668.2107940886788
0.99752015,8.350776623838131,-23.783802,669.6921263166097
0.9975439,8.29621422010934,0.030358609,670.4643178319807
0.99755996,8.365658664553784,0.02174855,671.5568906842826
0.9975395,8.435103108998229,8.2361765,672.851090687567
0.9975191,8.387433408877257,-0.95003355,673.4366897870694
0.9975331,8.727711175065243,-7.281824,676.5430839141711
0.997433,8.613292324717,25.835169,678.9325889203587
0.9974667,8.525278890322422,-25.901472,680.6092996351986
0.99749255,8.463520045659155,0.032758635,681.576228369048
0.99751073,8.5329644901036,0.024098484,682.782051145254
0.9974903,8.602408934548045,7.589408,684.1624891275308
0.9974699,8.551562802200847,-0.51423067,684.8340864835991
0.99748486,8.891840568388833,-7.0676465,687.6930500387562
0.9973847,8.786535410773883,23.169653,689.8366585068219
0.9974157,8.707579165533463,-23.22177,691.268631178349
0.99743897,8.654834838798884,0.029754324,691.9916125895029
0.99745446,8.99511260498687,0.021156289,694.7405729496435
0.9973544,8.893859231721692,21.87976,696.7748193621411
0.99738413,8.818931155528029,-21.925543,698.0979048375688
0.9974062,8.770197507183111,0.028424084,698.7123108357952
0.99742055,9.110475273371097,0.019851679,701.7254317321282
0.9973205,8.99949198702283,24.859154,704.0222567320928
0.9973531,8.9148922661908,-24.920086,705.6067388432608
0.997378,8.856530508429444,0.03162406,706.4817515721609
0.99739516,8.925974952873888,0.022988051,707.6296301026741
0.9973747,8.995419397318333,7.8586817,708.9652885925103
0.99735427,8.9462226429427,-0.6806868,709.5922328626492
0.99736875,9.286500409130687,-7.171953,712.5682589356006
0.9972687,9.176883448776975,24.462368,714.8282200118819
0.9973009,9.09364154913395,-24.521175,716.3760127837066
0.9973254,9.036631182038404,0.031173537,717.2144556119027
0.99734217,9.106075626482848,0.022546887,718.3413359586926
0.9973217,9.175520070927293,7.9823,719.6610958739116
0.99730134,9.126908914050064,-0.7644636,720.2721854463637
0.9973156,9.46718668023805,-7.2123995,723.2954585239219
0.9972155,9.355829455214657,24.966831,725.6023720135312
0.9972483,9.270858141680712,-25.028345,727.1968943438341
0.99727327,9.21212656918122,0.03174743,728.0819141192766
0.99729055,9.281571013625666,0.023108834,729.2357614565097
0.9972701,9.35101545807011,7.826641,730.5759725530653
0.9972497,9.301651016013645,-0.6597104,731.2074567688608
0.9972642,9.641928782201632,-7.160725,734.170537079794
0.99716413,9.532788657415587,24.322584,736.4176323027102
0.99719626,9.450020650038171,-24.38065,737.9526194877668
0.9972206,9.393481955388587,0.031016402,738.7782977578323
0.9972372,9.462926399833032,0.022392983,739.8981715276826
0.99721676,9.532370844277477,8.028035,741.2126684141807
0.9971964,9.483953542291465,-0.79657906,741.818509367081
0.9972106,9.824231308479451,-7.2262325,744.85815062863
0.99711055,9.712271188679063,25.139648,747.1813291622561
0.99714345,9.626700779357167,-25.202105,748.7920382675456
0.9971686,9.567372993979003,0.0319464,749.6931908961215
0.99718606,9.636817438423448,0.023303613,750.8568483905435
0.9971656,9.706261882867892,7.77649,752.2045731021757
0.99714524,9.656620689322775,-0.62750113,752.8435499430243
0.99715984,9.996898455510761,-7.1425204,755.785808004141
0.99705976,9.888525283592964,24.096233,758.0122087733191
0.9970916,9.806519521928239,-24.153109,759.5265977203736
0.99711573,9.750739529045067,0.03076376,760.3317430333403
0.9971321,9.820183973489511,0.022145506,761.4407269535668
0.99711174,9.889628417933956,8.104658,762.7470869880091
0.9970913,9.841510823332,-0.85169995,763.344813252684
0.9971054,10.181788589519986,-7.2480793,766.4105075778858
0.99700534,10.068868848541722,25.412815,768.7595738597206
0.99703854,9.982344907160806,-25.476768,770.3960450046292
0.997064,9.922068219990006,0.032263253,771.3228727304034
0.99708176,9.99151266443445,0.023613742,772.5025935215077
0.9970613,10.060957108878895,7.7002916,773.8627023295924
0.99704087,10.01085976778111,-0.5800404,774.5140284145992
0.99705565,10.351137533969096,-7.113366,777.4233884620681
0.9969556,10.243976105553992,23.734533,779.6170912916369
0.99698704,10.163174717998206,-23.78953,781.0989325087629
0.9970108,10.108593566500733,0.030364843,781.8716314458175
0.99702686,10.080132488985893,0.02175466,781.9368497408985
0.99703526,10.08919058552493,0.013293104,782.5423754532718
0.9970326,10.066887055119182,9.982305,782.5423754532718
0.99703914,10.066887055119182,-9.980389,785.5091577755911
0.99703914,9.957610572913753,29.392187,787.7599321945258
0.99707127,9.87470704848299,-29.46232,789.2985813765342
0.9970957,9.818033470279014,0.03106133,790.1279099454456
0.99711233,9.787486534657445,0.022436991,790.2496635838689
0.99712133,9.804396762216248,0.013965461,790.9117136535353
0.9971163,9.78001125131687,9.982971,790.9117136535353
0.99712354,9.78001125131687,-9.980897,793.8784959758547
0.99712354,9.67073476911144,29.392784,796.1292703947894
0.99715567,9.587831244680679,-29.46232,797.6679195767978
0.99718004,9.531157666476702,0.03106133,798.4972481457091
0.99719673,9.500610730855133,0.022436991,798.6190017841325
0.9972057,9.517520958413936,0.013965461,799.2810518537989
0.9972007,9.493135447514558,9.982971,799.2810518537989
0.9972079,9.493135447514558,-9.980897,802.2478341761182
0.9972079,9.383858965309129,29.392784,804.4986085950529
0.99724007,9.300955440878367,-29.46232,806.0372577770613
0.99726444,9.24428186267439,0.03106133,806.8665863459727
0.9972811,9.313726307118834,0.022436991,807.9884458043475
0.9972607,9.383170751563279,8.0148115,809.3044320713207
0.99724025,9.334698590729767,-0.78723264,809.9117583328976
0.9972545,9.674976356917753,-7.222295,812.9467296675257
0.9971544,9.563188246092286,25.090443,815.2652677573725
0.9971873,9.47778875978293,-25.152626,816.8713588052293
0.9972124,9.418631072853536,0.03188962,817.7679088157042
0.9972298,9.48807551729798,0.023248037,818.9287444904567
0.99720937,9.557519961742425,7.7906137,820.2743040505302
0.997189,9.507958517946383,-0.6364942,820.9111218004197
0.9972035,9.84823628413437,-7.147726,823.8593117453909
0.99710345,9.739644621161263,24.160912,826.091608083423
0.9971354,9.657421706043746,-24.218124,827.6118652794524
0.9971596,9.601425565989993,0.03083572,828.4228603333011
0.99717605,9.670870010434438,0.022216,829.5348972482501
0.9971556,9.740314454878883,8.082432,830.843533103667
0.9971352,9.69211303420436,-0.83554333,831.4435290041102
0.9971494,10.032390800392346,-7.2419114,834.5018433672852
0.9970493,9.919742888015401,25.335667,836.8435766586564
0.9970824,9.833489045116563,-25.399197,838.4727505628575
0.9971078,9.773481139645156,0.032173477,839.3923058148863
0.99712545,9.8429255840896,0.02352588,840.5674226062897
0.997105,9.912370028534045,7.7214413,841.9239718136664
0.9970846,9.862403799395672,-0.59303296,842.5717483483188
0.9970993,10.202681565583658,-7.12164,845.4903877159663
0.9969992,10.09517834887531,23.837086,847.6933136599639
0.99703085,10.0140372432714,-23.89261,849.1843358468657
0.9970547,9.959117926053853,0.030477334,849.9661873870101
0.99707085,10.028562370498298,0.021864884,851.0634271838843
0.9970504,10.098006814942742,8.196471,852.3610724629422
0.99703,10.050210213830777,-0.91986215,852.9501075575735
0.997044,10.390487980018763,-7.2721252,856.044749440797
0.99694395,10.276502003986696,25.713734,858.4225779439497
0.9969775,10.188918654120572,-25.779362,860.0876700097583
0.99700326,10.127587763029958,0.032615542,861.0430204481069
0.9970213,10.197032207474402,0.023958478,862.2411871919624
0.9970009,10.266476651918847,7.6204634,863.6156367495083
0.9969804,10.215851093215905,-0.5322679,864.2812628267959
0.99699533,10.556128859403891,-7.0808506,867.1546246566597
0.99689525,10.450293365337242,23.332474,869.3125456193661
0.99692637,10.37080994321089,-23.385412,870.7587667997752
0.99694973,10.317540796399152,0.02992868,871.4959540977405
0.9969654,10.657818562587138,0.021327198,874.218469436765
0.99686533,10.557539247599738,21.554893,876.2264212093235
0.99689484,10.48357969064383,-21.599133,877.52332251114
0.9969166,10.435810492693586,0.028104765,878.111615634693
0.99693066,10.776088258881572,0.01953834,881.208780292223
0.9968306,10.662009360662552,25.739838,883.5891153351093
0.99686414,10.574333686582905,-25.805609,885.2567015452943
0.9968899,10.51291092784109,0.032646254,886.214537489087
0.99690795,10.582355372285535,0.02398853,887.4143398261845
0.99688756,10.65179981672998,7.6137333,888.7900669614058
0.9968671,10.60112720058266,-0.52833277,889.4569669646864
0.996882,10.941404966770646,-7.0780153,892.3272264439382
0.99678195,10.835683742618205,23.297493,894.482063575213
0.99681306,10.756313908282916,-23.350256,895.9252147468248
0.99683636,10.703157840128545,0.029891105,896.6593412550864
0.99685204,11.043435606316532,0.021290371,899.387421556102
0.9967519,10.942951315229122,21.623829,901.4009067659306
0.99678147,10.868787943333768,-21.668392,902.7033183779083
0.9968033,10.820815782292588,0.028171947,903.2971069255648
0.9968174,11.161093548480574,0.019604268,906.3757800934424
0.99671733,11.047695753463747,25.548061,908.7377423363317
0.99675065,10.960696810850655,-25.612764,910.3870463008474
0.9967763,10.899947448157661,0.03242117,911.3266630229353
0.9967941,10.969391892602106,0.023768287,912.5145795703722
0.9967737,11.03883633704655,7.6638966,913.8810446674937
0.9967533,10.988504872635907,-0.5580102,914.538709029369
0.99676806,11.328782638823894,-7.098794,917.4318436223482
0.996668,11.222218847982493,23.554169,919.6094188464981
0.99669933,11.142011493892971,-23.608236,921.0752057277357
0.99672294,11.08802167710072,0.030168205,921.8318995113474
0.9967388,11.157466121545164,0.021561962,922.9172501965754
0.9967184,11.22691056598961,8.302,924.2061390237824
0.99669796,11.179436494187485,-1.0009501,924.7864412057498
0.9967119,11.519714260375471,-7.2969985,927.9113047607648
0.99661183,11.404615119432421,26.025183,930.3191595830062
0.9966457,11.315925800146527,-26.09256,932.0141286227479
0.9966718,11.253494440516043,0.0329836,932.9992517003056
0.99669015,11.322938884960488,0.024318563,934.2172899184893
0.9966697,11.392383329404932,7.5420885,935.607325279669
0.9966493,11.34118369360148,-0.48734397,936.2884923801342
0.99666435,11.681461459789466,-7.046923,939.1251251863629
0.99656427,11.576978818093377,22.914673,941.2465350921451
0.996595,11.498840219897064,-22.96551,942.6564076004241
0.996618,11.446909915842118,0.029484024,943.3573541224438
0.9966333,11.787187682030105,0.02089129,946.150591111402
0.99653316,11.684303452936808,22.409733,948.2288591166399
0.99656343,11.607753914743878,-22.458076,949.595778028721
0.99658597,11.557405734815557,0.028959123,950.2538949163433
0.99660075,11.897683501003543,0.020376548,953.1458876946916
0.9965007,11.791161767001046,23.541424,955.3223279694173
0.996532,11.710996216881982,-23.595427,956.7869850370716
0.99655557,11.657048014890048,0.030154372,957.5425524481051
0.9965715,11.726492459334493,0.021548403,958.6273914021432
0.99655104,11.795936903778937,8.30689,959.9159048555666
0.9965306,11.748476658244506,-1.0047764,960.4958326692717
0.99654454,12.088754424432492,-7.298081,963.6220180010317
0.99644446,11.973606598045999,26.038744,966.0311860127291
0.9964784,11.884868909615145,-26.106197,967.7274616676015
0.9965044,11.822389422994013,0.032999706,968.713886755054
0.99652284,11.891833867438457,0.024334315,969.9328075033476
0.9965024,11.961278311882902,7.5387697,971.3235382437937
0.99648196,11.910053062943136,-0.48548535,972.0053987138251
0.99649704,12.250330829131123,-7.0454416,974.8404483274713
0.99639696,12.145906501695155,22.896477,976.960284373015
0.99642766,12.067825874017625,-22.94722,978.3685899585829
0.99645066,12.015953284949207,0.029464865,979.0679741473461
0.9964659,12.356231051137193,0.020872505,981.8645089869655
0.9963658,12.253225351211215,22.448576,983.9460556839829
0.9963961,12.176555047871075,-22.49711,985.3162391129545
0.99641865,12.126086624903953,0.028998997,985.9776112309036
0.9964335,12.46636439109194,0.020415656,988.861454658723
0.9963334,12.360142824833924,23.45026,991.0297945025263
0.99636465,12.280275640587169,-23.5038,992.4863877173473
0.99638814,12.226624457174598,0.03005564,993.2339157580858
0.99640393,12.296068901619043,0.021451639,994.3151558410766
0.9963835,12.365513346063487,8.342217,995.6010329887881
0.9963631,12.318150204456112,-1.0325998,996.178331550454
0.996377,12.658427970644098,-7.305725,999.3138618990655
0.9962769,12.542935936136907,26.134483,1001.7323141115209
0.9963109,12.4538562796448,-26.202478,1003.4750179665035
0.9963371,12.389666687652937,0.33063823,1004.5448958938321
0.99635595,12.459111132097382,0.023379438,1005.8596823875146
0.99633557,12.410683162913408,7.341876,1006.5030027380503
0.9963498,12.750960929101394,-7.3309975,1009.4706824647208
0.99624974,12.641651392502368,23.966602,1011.7595393348881
0.99628186,12.557345164451204,-24.025457,1013.373281873769
0.99630666,12.497905647602426,0.029668203,1014.3146483521225
0.9963241,12.56735009204687,0.021906167,1015.5408864297402
0.99630374,12.636794536491315,7.6579814,1016.9745835460947
0.9962833,12.583986692705594,-0.6193005,1017.7364748479722
0.99629885,12.653431137150038,-7.0341187,1018.8614008796225
0.9962784,12.722875581594483,8.278725,1020.2168812287389
0.99625796,12.672948722068696,-1.0598433,1020.9007824997002
0.9962727,13.013226488256683,-7.217067,1023.7683896412003
0.9961726,12.90760295854476,22.842278,1025.9577808335757
0.99620366,12.826960382958934,-22.895374,1027.4725206365545
0.9962274,12.771167466882552,0.028516479,1028.3152062827228
0.9962438,12.840611911326997,0.02077786,1029.4816445348981
0.99622333,12.910056355771442,7.966454,1030.8686965332893
0.99620295,12.858966607164037,-0.8251109,1031.5840794635535
0.99621797,13.199244373352023,-7.1382623,1034.3850375874495
0.9961179,13.096075749121853,22.057955,1036.508172417997
0.9961482,13.017873616196683,-22.10719,1037.9569528235556
0.99617124,12.964510204591939,0.027750947,1038.7338822283068
0.9961869,13.033954649036383,0.020027393,1039.8659191862148
0.99616647,13.103399093480828,8.215668,1041.2267566927576
0.9961461,13.053274911989837,-1.010456,1041.9159999973745
0.9961608,13.393552678177823,-7.2031584,1044.77166658495
0.9960607,13.288368958868787,22.70414,1046.9491882488649
0.99609166,13.20816357758126,-22.756546,1048.45211239414
0.99611527,13.152805871563626,0.028379241,1049.2830194399123
0.99613154,13.22225031600807,0.020643353,1050.4429326435647
0.9961111,13.291694760452515,8.008186,1051.8249756656187
0.99609065,13.240789509140196,-0.85501075,1052.5353640351193
0.9961057,13.581067275328182,-7.1502757,1055.34631595014
0.9960056,13.47753054645825,22.177746,1057.479386282886
0.996036,13.398962455868773,-22.227562,1058.9380582407862
0.9960591,13.345234705419449,0.02786566,1059.7248493081381
0.9960749,13.414679149863893,0.020139873,1060.861713220596
0.99605453,13.484123594308338,8.17563,1062.2261995311756
0.9960341,13.433865015201992,-0.9796036,1062.919081304752
0.99604887,13.774142781389978,-7.1938157,1065.7667676254068
0.9959488,13.669253001912521,22.611273,1067.9363563258437
0.9959796,13.589339818113098,-22.663216,1069.4313833487308
0.99600315,13.534272989436756,0.028287541,1070.254417877973
0.9960193,13.6037174338812,0.020553472,1071.410053255869
0.9959989,13.673161878325645,8.036747,1072.7888215366193
0.9959785,13.622377246651343,-0.87574357,1073.4959445611582
0.99599344,13.96265501283933,-7.158225,1076.3135445976084
0.99589336,13.858873411496747,22.256977,1078.4532241615361
0.9959239,13.780061880892074,-22.307178,1079.918476000929
0.99594706,13.72609177147443,0.027941985,1080.7118269544148
0.9959629,13.795536215918874,0.020214709,1081.8519707011635
0.9959425,13.864980660363319,8.1495495,1083.2189419220338
0.9959221,13.81463055372793,-0.9597225,1083.9143015516604
0.9959369,14.154908319915917,-7.1875124,1086.7566227328566
0.9958368,14.050216156408519,22.548584,1088.9208780215604
0.9958676,13.970499419941259,-22.60022,1090.410595655506
0.99589103,13.915628153757593,0.028225902,1091.2283372659288
0.9959072,13.985072598202038,0.02049305,1092.3811352299806
0.99588674,14.054517042646482,8.056259,1093.7577354702505
0.9958663,14.00381226712987,-0.89003265,1094.4626966628875
0.99588126,14.344090033317856,-7.1635303,1097.2847485997506
0.9957811,14.240144453643403,22.309837,1099.4288539699605
0.9958117,14.161169905840671,-22.360298,1100.898511911148
0.99583495,14.10703750500693,0.0279931,1101.69625552658
0.99585086,14.176481949451375,0.020264827,1102.8386255377436
0.9958305,14.24592639389582,8.132326,1104.2072860122792
0.99581003,14.195514066417093,-0.94668746,1104.904330092737
0.9958249,14.53579183260508,-7.183255,1107.7430358584813
0.99572474,14.431232836900165,22.506226,1109.9036970784036
0.9957555,14.351648481966357,-22.55765,1111.389836798651
0.9957789,14.29690900227058,0.02818437,1112.2040115612833
0.995795,14.366353446715024,0.020452337,1113.3549153267536
0.9957746,14.435797891159469,8.069551,1114.7300700373426
0.9957542,14.385146359319442,-0.89982444,1115.4335898344068
0.9957691,14.725424125507429,-7.1670866,1118.2586326327582
0.995669,14.621368382434817,22.345264,1120.405711310846
0.9956996,14.542284317791918,-22.395897,1121.878329299344
0.99572283,14.488042888548913,0.028027445,1122.679023910449
0.9957388,14.557487332993357,0.020298496,1123.8229028097464
0.99571836,14.626931777437802,8.120861,1125.192709375286
0.995698,14.576477235607095,-0.938053,1125.8908962848398
0.9957128,14.916755001795082,-7.1803784,1128.727163693882
0.99561274,14.812285818895363,22.4776,1130.8854009386669
0.99564344,14.732790747045788,-22.528885,1132.3691275642113
0.9956668,14.678140149671568,0.02815636,1133.180896680427
0.9956829,14.747584594116013,0.02042488,1134.330531166134
0.99566245,14.817029038560458,8.078583,1135.7047180593756
0.99564207,14.766413154659395,-0.90650374,1136.4072728045512
0.9956569,14.740535721545424,-7.169476,1136.439645037887
0.99566454,14.762566824037393,0.0115970895,1139.4759890862285
0.99565804,14.65072815159015,29.393234,1141.833081809838
0.99569094,14.56390856960387,-29.465786,1143.5147307197703
0.9957165,14.501967834754698,0.030460088,1144.523770994395
0.9957347,14.464801517972695,0.022681428,1144.8620835568927
0.99574566,14.45234033858736,0.015047386,1144.8620835568927
0.9957493,14.45234033858736,0.0075138523,1147.8660564610552
0.9957493,14.341694003284038,29.39009,1150.1909812588096
0.99578184,14.256059273233419,-29.464169,1151.8406187741828
0.99580705,14.195297624750506,0.030086592,1152.8177584853515
0.99582493,14.159306312055792,0.022315826,1153.124236335343
0.9958355,14.148017711247766,0.014687544,1153.124236335343
0.9958388,14.148017711247766,0.007157714,1156.1282092395056
0.9958388,14.037371375944444,29.38992,1158.45313403726
0.99587137,13.951736645893824,-29.464169,1160.1027715526332
0.9958966,13.890974997410911,0.030086592,1161.079911263802
0.9959144,13.960419441855356,0.022315826,1162.329752976499
0.995894,13.914383605437674,7.5615983,1162.908301652702
0.99590755,14.25466137162566,-7.5519605,1166.0765657982897
0.99580747,14.137963642263177,26.088068,1168.5647279309392
0.9958418,14.046316337043923,-26.15854,1170.3767862208565
0.99586874,13.979572190031964,0.03198536,1171.5157623531818
0.99588835,14.04901663447641,0.024173481,1172.88184843386
0.9958679,13.998699130504768,7.201537,1173.5763254375292
0.99588275,14.338976896692754,-7.1897526,1176.420551298069
0.9957827,14.234214577496203,22.570862,1178.5867000092999
0.9958135,14.154428099965873,-22.622608,1180.0783025441744
0.9958369,14.099487406597994,0.028247785,1180.8979232151307
0.99585307,14.168931851042439,0.0205145,1182.0517248900305
0.9958327,14.238376295486884,8.049303,1183.429091685478
0.99581224,14.187643285187903,-0.88492703,1184.1348172392386
0.99582714,14.52792105137589,-7.1616507,1186.9552904859117
0.99572706,14.424033620123428,22.291111,1189.097826423896
0.99575764,14.345116879741001,-22.34148,1190.5659219249126
0.9957808,14.291042028786896,0.027974974,1191.3621078706726
0.99579674,14.36048647323134,0.020247053,1192.5036857107325
0.99577636,14.429930917675785,8.1384115,1193.8717448620575
0.9957559,14.37954073893531,-0.9512847,1194.5681893296485
0.99577075,14.719818505123296,-7.1847677,1197.4081791358033
0.9956706,14.615212213929931,22.521282,1199.5701168178261
0.99570143,14.535580842642092,-22.57278,1201.0575272656424
0.99572486,14.480794557814196,0.028199121,1201.872968828736
0.99574095,14.55023900225864,0.020466797,1203.0245436706177
0.9957205,14.619683446703085,8.064817,1204.4002103369917
0.9957001,14.569013057824982,-0.89633167,1205.1042406261818
0.995715,14.909290824012968,-7.1658254,1207.9282220914088
0.9956149,14.805274173377107,22.332699,1210.0742456675514
0.9956455,14.726228971655857,-22.383272,1211.5458132618253
0.99566877,14.672026231933433,0.02801526,1212.34546069283
0.9956847,14.741470676377878,0.020286549,1213.488802941163
0.9956643,14.810915120822322,8.12492,1214.8582017800238
0.99564385,14.760475596924278,-0.9411058,1215.5559821236493
0.9956587,15.100753363112265,-7.181401,1218.393115644291
0.9955586,14.9962522784353,22.487774,1220.5522138937156
0.9955893,14.916725492914823,-22.539108,1222.0367976605291
0.99561274,14.86204332417052,0.028166309,1222.8494212737378
0.99562883,14.832111687750665,0.020434633,1222.9916890452628
0.9956376,14.851871100462457,0.012834496,1223.7114382007942
0.9956318,14.825360339900385,9.982698,1223.7609794274572
0.9956396,14.859075895786539,-9.981514,1226.8144910074698
0.99562967,14.74660488592274,29.393427,1229.1886426051922
0.99566275,14.659156968739966,-29.466644,1230.8872665068413
0.9956885,14.596590988362552,0.03065829,1231.9132221374705
0.99570686,14.558801622634375,0.022875402,1232.2684142801388
0.995718,14.545718712046092,0.015238265,1232.2684142801388
0.9957219,14.545718712046092,0.007702729,1235.2723871843014
0.9957219,14.43507237674277,29.390186,1237.5973119820558
0.99575436,14.34943764669215,-29.464169,1239.246949497429
0.9957796,14.288675998209238,0.030086592,1240.2240892085977
0.99579746,14.252684685514524,0.022315826,1240.5305670585892
0.995808,14.241396084706498,0.014687544,1240.5305670585892
0.99581134,14.241396084706498,0.007157714,1243.5345399627518
0.99581134,14.130749749403176,29.38992,1245.8594647605062
0.9958439,14.045115019352556,-29.464169,1247.5091022758793
0.9958691,13.984353370869643,0.030086592,1248.486241987048
0.995887,14.053797815314088,0.022315826,1249.7360836997452
0.99586654,14.007761978896406,7.5615983,1250.3146323759481
0.99588007,14.348039745084392,-7.5519605,1253.4828965215358
0.99578,14.231342015721909,26.088068,1255.9710586541853
0.9958143,14.139694710502654,-26.15854,1257.7831169441026
0.99584126,14.072950563490696,0.03198536,1258.922093076428
0.9958609,14.142395007935141,0.024173481,1260.288179157106
0.9958405,14.0920775039635,7.201537,1260.9826561607754
0.9958553,14.432355270151486,-7.1897526,1263.8268820213152
0.9957552,14.327592950954935,22.570862,1265.993030732546
0.995786,14.247806473424605,-22.622608,1267.4846332674206
0.9958095,14.192865780056726,0.028247785,1268.3042539383769
0.99582565,14.26231022450117,0.0205145,1269.4580556132767
0.9958052,14.331754668945615,8.049303,1270.835422408724
0.99578476,14.281021658646635,-0.88492703,1271.5411479624847
0.9957997,14.621299424834621,-7.1616507,1274.3616212091579
0.99569964,14.517411993582158,22.291111,1276.5041571471422
0.99573016,14.438495253199731,-22.34148,1277.9722526481587
0.9957534,14.384420402245626,0.027974974,1278.7684385939187
0.99576926,14.45386484669007,0.020247053,1279.9100164339786
0.9957489,14.523309291134515,8.1384115,1281.2780755853037
0.99572843,14.47291911239404,-0.9512847,1281.9745200528946
0.9957433,14.813196878582026,-7.1847677,1284.8145098590494
0.9956432,14.708590587388661,22.521282,1286.9764475410723
0.99567395,14.628959216100823,-22.57278,1288.4638579888885
0.9956974,14.574172931272926,0.028199121,1289.2792995519821
0.9957135,14.64361737571737,0.020466797,1290.4308743938639
0.995693,14.713061820161816,8.064817,1291.8065410602378
0.99567264,14.662391431283712,-0.89633167,1292.510571349428
0.99568754,14.636459648965213,-7.1658254,1292.544416969713
0.9956952,14.659493473096871,0.011613666,1295.582234303604
0.9956884,14.547600534631886,29.393251,1297.940791012005
0.9957213,14.460727029205785,-29.465858,1299.623896731708
0.99574685,14.39873263519672,0.030477094,1300.6343887216062
0.9957651,14.361512846902142,0.02269807,1300.9741499523434
0.995776,14.34899830823666,0.015063765,1300.9741499523434
0.9957797,14.34899830823666,0.0075300615,1303.978122856506
0.9957797,14.238351972933337,29.390099,1306.3030476542604
0.99581224,14.152717242882717,-29.464169,1307.9526851696335
0.99583745,14.091955594399804,0.030086592,1308.9298248808022
0.99585533,14.05596428170509,0.022315826,1309.2363027307938
0.9958659,14.044675680897065,0.014687544,1309.2363027307938
0.9958692,14.044675680897065,0.007157714,1312.2402756349563
0.9958692,13.934029345593743,29.38992,1314.5652004327108
0.99590176,13.848394615543123,-29.464169,1316.2148379480839
0.9959269,13.78763296706021,0.030086592,1317.1919776592526
0.9959448,13.857077411504655,0.022315826,1318.4418193719498
0.9959244,13.811041575086973,7.5615983,1319.0203680481527
0.99593794,14.15131934127496,-7.5519605,1322.1886321937404
0.99583787,14.034621611912476,26.088068,1324.6767943263899
0.9958722,13.942974306693221,-26.15854,1326.4888526163072
0.99589914,13.876230159681263,0.03198536,1327.6278287486325
0.99591875,13.945674604125708,0.024173481,1328.9939148293106
0.9958983,13.895357100154067,7.201537,1329.68839183298
0.99591315,14.235634866342053,-7.1897526,1332.5326176935198
0.9958131,14.130872547145502,22.570862,1334.6987664047506
0.9958439,14.051086069615172,-22.622608,1336.1903689396252
0.9958673,13.996145376247293,0.028247785,1337.0099896105814
0.99588346,14.065589820691738,0.0205145,1338.1637912854812
0.9958631,14.135034265136182,8.049303,1339.5411580809287
0.99584264,14.084301254837202,-0.88492703,1340.2468836346893
0.99585754,14.424579021025188,-7.1616507,1343.0673568813625
0.99575746,14.320691589772725,22.291111,1345.2098928193468
0.99578804,14.241774849390298,-22.34148,1346.6779883203633
0.9958112,14.187699998436193,0.027974974,1347.4741742661233
0.99582714,14.257144442880637,0.020247053,1348.6157521061832
0.9958067,14.326588887325082,8.1384115,1349.9838112575083
0.9957863,14.276198708584607,-0.9512847,1350.6802557250992
0.9958011,14.616476474772593,-7.1847677,1353.520245531254
0.995701,14.511870183579228,22.521282,1355.6821832132769
0.99573183,14.43223881229139,-22.57278,1357.1695936610931
0.9957552,14.377452527463493,0.028199121,1357.9850352241867
0.99577135,14.446896971907938,0.020466797,1359.1366100660684
0.9957509,14.516341416352383,8.064817,1360.5122767324424
0.99573046,14.46567102747428,-0.89633167,1361.2163070216325
0.9957454,14.805948793662266,-7.1658254,1364.0402884868595
0.9956453,14.701932143026404,22.332699,1366.186312063002
0.9956759,14.622886941305154,-22.383272,1367.657879657276
0.99569917,14.56868420158273,0.02801526,1368.4575270882808
0.9957151,14.638128646027175,0.020286549,1369.6008693366136
0.9956947,14.70757309047162,8.12492,1370.9702681754745
0.99567425,14.657133566573576,-0.9411058,1371.6680485191
0.9956891,14.997411332761562,-7.181401,1374.5051820397416
0.995589,14.892910248084597,22.487774,1376.6642802891663
0.9956197,14.81338346256412,-22.539108,1378.1488640559799
0.99564314,14.758701293819817,0.028166309,1378.9614876691885
0.99565923,14.828145738264261,0.020434633,1380.1115722427287
0.9956388,14.897590182708706,8.075369,1381.4861022499458
0.99561834,14.846961660776213,-0.90412426,1382.1889991288997
0.99563324,15.187239426964199,-7.1686287,1385.0153400889258
0.99553317,15.083135868269908,22.360619,1387.1637093038844
0.9955638,15.004004268852267,-22.411327,1388.637612067907
0.99558705,14.9497155170441,0.028042354,1389.4395875201064
0.995603,15.019159961488544,0.020313114,1390.584124618587
0.9955826,15.088604405932989,8.1159115,1391.9544314210727
0.9955622,15.038131438708099,-0.93433553,1392.6531171429842
0.99557704,15.378409204896085,-7.1791263,1395.4883239488559
0.99547696,15.27397908754648,22.465137,1397.6455068421103
0.99550766,15.194522850978272,-22.516361,1399.1281838449534
0.995531,15.139910914706887,0.028144177,1399.9389065744679
0.99554706,15.209355359151331,0.020412937,1401.087991053517
0.9955267,15.278799803595776,8.082528,1402.4617587740513
0.9955062,15.228199359222762,-0.90942806,1403.1638955436672
0.9955211,15.568477125410748,-7.170513,1405.9918251861004
0.99542105,15.464315050247794,22.37939,1408.1417737475108
0.9954517,15.385125278235845,-22.430191,1409.6172488025954
0.99547493,15.330778613706896,0.028060598,1410.4207917262854
0.99549097,15.40022305815134,0.020330999,1411.5661370047874
0.9954705,15.469667502595785,8.109876,1412.9370582755532
0.9954501,15.419171902455906,-0.92981094,1413.6363567151338
0.9954649,15.759449668643892,-7.177591,1416.4702637684645
0.99536484,15.655067425512879,22.449852,1418.6261545672764
0.99539554,15.575658781089974,-22.501,1420.1075452676457
0.9954189,15.521094223626369,0.028129248,1420.9169856572507
0.995435,15.590538668070813,0.020398302,1422.0653978475757
0.99541456,15.659983112515258,8.087377,1423.4386533690783
0.9953941,15.60940153413991,-0.91302776,1424.1402794019953
0.995409,15.949679300327896,-7.171783,1426.9692793769102
0.99530894,15.84547780125186,22.392027,1429.1202919779932
0.9953396,15.766248837111968,-22.442892,1430.5968263164593
0.9953629,15.711863155645132,0.02807289,1431.4014252735935
0.99537885,15.781307600089576,0.02034305,1432.5473166967092
0.99535847,15.85075204453402,8.105823,1433.9186533597247
0.995338,15.80024114411295,-0.9267778,1434.6183660076636
0.99535286,16.140518910300937,-7.176554,1437.4513963006225
0.9952528,16.03616896117695,22.439533,1439.6064155029221
0.9952835,15.956792420558918,-22.490631,1441.0869385118556
0.99530685,15.902259823063206,0.028119178,1441.8955138810793
0.9953229,15.97170426750765,0.02038843,1443.0434736566958
0.99530244,16.041148711952093,8.090656,1444.416384599337
0.995282,15.990579825564803,-0.91546595,1445.1176670368613
0.9952969,16.33085759175279,-7.1726375,1447.9473883671246
0.9951968,16.226629522754756,22.40054,1450.099118081146
0.99522746,16.147374144954973,-22.451443,1451.576366325705
0.99525076,16.09296216794704,0.028081173,1452.381676997315
0.9952668,16.162406612391482,0.020351171,1453.5279372453836
0.99524635,16.231851056835925,8.103097,1454.899554502481
0.9952259,16.18132982119951,-0.9247405,1455.5995469445897
0.9952408,16.521607587387493,-7.1758547,1458.431985857458
0.99514073,16.417279420763517,22.432571,1460.5864171618182
0.99517137,16.337924534386243,-22.483633,1462.0663549059218
0.99519473,16.28341349414509,0.028112385,1462.87434681108
0.99521077,16.352857938589533,0.020381771,1464.0220019251678
0.9951903,16.422302383033976,8.092873,1465.3946808714272
0.99516994,16.37174204184676,-0.917115,1466.0957319745755
0.9951848,16.712019808034743,-7.1732135,1468.9259395633549
0.9950847,16.607773828514702,22.406275,1471.0781526755152
0.99511534,16.528500645550135,-22.457209,1472.5558821559105
0.9951387,16.474070943022245,0.02808676,1473.361672585415
0.9951547,16.543515387466687,0.020356646,1474.5081817937942
0.99513423,16.61295983191113,8.101262,1475.8799884861469
0.99511385,16.56243161874281,-0.92337036,1476.5801698233804
0.9951287,16.902709384930795,-7.175383,1479.4122098761181
0.9950286,16.798395909654957,22.427874,1481.5662446684971
0.9950593,16.71905562813566,-22.478912,1483.0457876761334
0.9950826,16.66455912735439,0.028107803,1483.8533860589616
0.99509865,16.734003571798834,0.02037728,1485.000835917757
0.9950782,16.803448016243276,8.094369,1486.373358585812
0.9950578,16.752893431303253,-0.9182293,1487.0742538566356
0.99507266,17.093171197491237,-7.173601,1489.9047892675187
0.9949726,16.988913143190377,22.410141,1492.057328273118
0.9950033,16.90962795648414,-22.461092,1493.5353821889141
0.9950266,16.855186303918984,0.028090524,1494.341496057162
0.99504256,16.924630748363427,0.02036034,1495.488173261527
0.9950222,16.99407519280787,8.100027,1496.8601077973267
0.99500173,16.94354227073925,-0.92244804,1497.5604166134492
0.99501663,17.283820036927235,-7.1750646,1500.3921876681327
0.9949165,17.179516469746396,22.424702,1502.4741680477887
0.9949472,17.10283019242907,-23.050022,1503.8101868664987
0.9949698,17.053620165939915,0.030632913,1504.4028940487156
0.9949842,17.3938979321279,0.021199396,1507.4505743378904
0.99488413,17.281641708143294,25.586279,1509.747144623048
